NAME,Median Income (Dollars)
"Abington CDP, Massachusetts",99381
"Acushnet Center CDP, Massachusetts",81375
"Adams CDP, Massachusetts",48252
"Agawam Town city, Massachusetts",68944
"Amesbury Town city, Massachusetts",82468
"Amherst Center CDP, Massachusetts",45098
"Andover CDP, Massachusetts",95600
"Arlington CDP, Massachusetts",108389
"Athol CDP, Massachusetts",49653
"Attleboro city, Massachusetts",74962
"Ayer CDP, Massachusetts",74659
"Baldwinville CDP, Massachusetts",77768
"Barnstable Town city, Massachusetts",72733
"Barre CDP, Massachusetts",50268
"Belchertown CDP, Massachusetts",78578
"Bellingham CDP, Massachusetts",87045
"Belmont CDP, Massachusetts",129380
"Beverly city, Massachusetts",80586
"Blandford CDP, Massachusetts",87500
"Bliss Corner CDP, Massachusetts",63958
"Boston city, Massachusetts",71115
"Bourne CDP, Massachusetts",51595
"Boxford CDP, Massachusetts",192417
"Braintree Town city, Massachusetts",96522
"Brewster CDP, Massachusetts",53517
"Bridgewater Town city, Massachusetts",95675
"Brockton city, Massachusetts",58469
"Brookfield CDP, Massachusetts",64063
"Brookline CDP, Massachusetts",117326
"Burlington CDP, Massachusetts",118721
"Buzzards Bay CDP, Massachusetts",75142
"Cambridge city, Massachusetts",103154
"Chatham CDP, Massachusetts",81630
"Chelsea city, Massachusetts",56802
"Cheshire CDP, Massachusetts",79107
"Chester CDP, Massachusetts",65250
"Chicopee city, Massachusetts",53225
"Clinton CDP, Massachusetts",53972
"Cochituate CDP, Massachusetts",162390
"Cordaville CDP, Massachusetts",167635
"Danvers CDP, Massachusetts",89250
"Dedham CDP, Massachusetts",100757
"Deerfield CDP, Massachusetts",-666666666
"Dennis CDP, Massachusetts",90795
"Dennis Port CDP, Massachusetts",55256
"Devens CDP, Massachusetts",92426
"Dover CDP, Massachusetts",216250
"Duxbury CDP, Massachusetts",147404
"East Brookfield CDP, Massachusetts",74821
"East Dennis CDP, Massachusetts",64096
"East Douglas CDP, Massachusetts",73841
"East Falmouth CDP, Massachusetts",64875
"East Harwich CDP, Massachusetts",85091
"East Pepperell CDP, Massachusetts",74821
"East Sandwich CDP, Massachusetts",107793
"Easthampton Town city, Massachusetts",63507
"Edgartown CDP, Massachusetts",58750
"Essex CDP, Massachusetts",114479
"Everett city, Massachusetts",65528
"Fall River city, Massachusetts",43503
"Falmouth CDP, Massachusetts",41343
"Fiskdale CDP, Massachusetts",70952
"Fitchburg city, Massachusetts",57207
"Forestdale CDP, Massachusetts",98182
"Foxborough CDP, Massachusetts",70530
"Framingham city, Massachusetts",82709
"Franklin Town city, Massachusetts",122607
"Gardner city, Massachusetts",49679
"Gloucester city, Massachusetts",72574
"Granby CDP, Massachusetts",96397
"Great Barrington CDP, Massachusetts",49368
"Green Harbor-Cedar Crest CDP, Massachusetts",111250
"Greenfield Town city, Massachusetts",50478
"Groton CDP, Massachusetts",65303
"Hanscom AFB CDP, Massachusetts",108056
"Hanson CDP, Massachusetts",97500
"Harwich Center CDP, Massachusetts",70972
"Harwich Port CDP, Massachusetts",58438
"Hatfield CDP, Massachusetts",64688
"Haverhill city, Massachusetts",69426
"Hingham CDP, Massachusetts",161607
"Holbrook CDP, Massachusetts",76055
"Holland CDP, Massachusetts",67454
"Holyoke city, Massachusetts",40769
"Hopedale CDP, Massachusetts",107278
"Hopkinton CDP, Massachusetts",112014
"Housatonic CDP, Massachusetts",35481
"Hudson CDP, Massachusetts",82431
"Hull CDP, Massachusetts",88476
"Huntington CDP, Massachusetts",52500
"Ipswich CDP, Massachusetts",65893
"Kingston CDP, Massachusetts",90754
"Lawrence city, Massachusetts",44613
"Lee CDP, Massachusetts",55686
"Lenox CDP, Massachusetts",49167
"Leominster city, Massachusetts",61825
"Lexington CDP, Massachusetts",186201
"Littleton Common CDP, Massachusetts",107907
"Longmeadow CDP, Massachusetts",122035
"Lowell city, Massachusetts",56878
"Lunenburg CDP, Massachusetts",113750
"Lynn city, Massachusetts",56181
"Lynnfield CDP, Massachusetts",128641
"Madaket CDP, Massachusetts",101563
"Malden city, Massachusetts",65975
"Mansfield Center CDP, Massachusetts",92642
"Marblehead CDP, Massachusetts",123333
"Marion Center CDP, Massachusetts",77109
"Marlborough city, Massachusetts",80943
"Marshfield CDP, Massachusetts",88452
"Marshfield Hills CDP, Massachusetts",144167
"Mashpee Neck CDP, Massachusetts",114904
"Mattapoisett Center CDP, Massachusetts",93826
"Maynard CDP, Massachusetts",105254
"Medfield CDP, Massachusetts",127048
"Medford city, Massachusetts",96455
"Melrose city, Massachusetts",106955
"Methuen Town city, Massachusetts",77484
"Middleborough Center CDP, Massachusetts",66525
"Milford CDP, Massachusetts",80371
"Millers Falls CDP, Massachusetts",57917
"Millis-Clicquot CDP, Massachusetts",82847
"Milton CDP, Massachusetts",133718
"Monomoscoy Island CDP, Massachusetts",75625
"Monson Center CDP, Massachusetts",64673
"Monument Beach CDP, Massachusetts",73860
"Nahant CDP, Massachusetts",97778
"Nantucket CDP, Massachusetts",110473
"Needham CDP, Massachusetts",165547
"New Bedford city, Massachusetts",46321
"New Seabury CDP, Massachusetts",110250
"Newburyport city, Massachusetts",109839
"Newton city, Massachusetts",151068
"North Adams city, Massachusetts",41471
"North Amherst CDP, Massachusetts",48819
"North Brookfield CDP, Massachusetts",73393
"North Eastham CDP, Massachusetts",70864
"North Falmouth CDP, Massachusetts",96404
"North Lakeville CDP, Massachusetts",75509
"North Pembroke CDP, Massachusetts",96866
"North Plymouth CDP, Massachusetts",61179
"North Scituate CDP, Massachusetts",108676
"North Seekonk CDP, Massachusetts",87700
"North Westport CDP, Massachusetts",67522
"Northampton city, Massachusetts",66522
"Northborough CDP, Massachusetts",114303
"Northfield CDP, Massachusetts",82000
"Northwest Harwich CDP, Massachusetts",74208
"Norton Center CDP, Massachusetts",120536
"Norwood CDP, Massachusetts",90133
"Ocean Bluff-Brant Rock CDP, Massachusetts",83101
"Ocean Grove CDP, Massachusetts",67861
"Onset CDP, Massachusetts",42727
"Orange CDP, Massachusetts",57547
"Orleans CDP, Massachusetts",54750
"Oxford CDP, Massachusetts",61227
"Palmer Town city, Massachusetts",64651
"Peabody city, Massachusetts",73217
"Pepperell CDP, Massachusetts",81675
"Petersham CDP, Massachusetts",66458
"Pinehurst CDP, Massachusetts",107159
"Pittsfield city, Massachusetts",51411
"Plymouth CDP, Massachusetts",64242
"Pocasset CDP, Massachusetts",61722
"Popponesset CDP, Massachusetts",-666666666
"Popponesset Island CDP, Massachusetts",-666666666
"Provincetown CDP, Massachusetts",58313
"Quincy city, Massachusetts",77562
"Randolph Town city, Massachusetts",82510
"Raynham Center CDP, Massachusetts",99760
"Reading CDP, Massachusetts",132731
"Revere city, Massachusetts",62568
"Rockport CDP, Massachusetts",81765
"Rowley CDP, Massachusetts",79554
"Russell CDP, Massachusetts",49073
"Rutland CDP, Massachusetts",84833
"Sagamore CDP, Massachusetts",91688
"Salem city, Massachusetts",68808
"Salisbury CDP, Massachusetts",78787
"Sandwich CDP, Massachusetts",93333
"Saugus CDP, Massachusetts",88667
"Scituate CDP, Massachusetts",140419
"Seabrook CDP, Massachusetts",109000
"Seconsett Island CDP, Massachusetts",-666666666
"Sharon CDP, Massachusetts",144333
"Shelburne Falls CDP, Massachusetts",44313
"Shirley CDP, Massachusetts",65507
"Siasconset CDP, Massachusetts",64250
"Smith Mills CDP, Massachusetts",70692
"Somerset CDP, Massachusetts",84115
"Somerville city, Massachusetts",97328
"South Amherst CDP, Massachusetts",59265
"South Ashburnham CDP, Massachusetts",79670
"South Deerfield CDP, Massachusetts",78462
"South Dennis CDP, Massachusetts",59963
"South Duxbury CDP, Massachusetts",171324
"South Lancaster CDP, Massachusetts",66786
"South Yarmouth CDP, Massachusetts",61088
"Southbridge Town city, Massachusetts",51270
"Spencer CDP, Massachusetts",59331
"Springfield city, Massachusetts",39432
"Stoneham CDP, Massachusetts",101549
"Sturbridge CDP, Massachusetts",102059
"Swampscott CDP, Massachusetts",113407
"Taunton city, Massachusetts",62865
"Teaticket CDP, Massachusetts",64028
"The Pinehills CDP, Massachusetts",101518
"Topsfield CDP, Massachusetts",135444
"Townsend CDP, Massachusetts",72500
"Turners Falls CDP, Massachusetts",38899
"Upton CDP, Massachusetts",89507
"Vineyard Haven CDP, Massachusetts",62521
"Wakefield CDP, Massachusetts",100278
"Walpole CDP, Massachusetts",94375
"Waltham city, Massachusetts",95964
"Ware CDP, Massachusetts",42550
"Wareham Center CDP, Massachusetts",41250
"Warren CDP, Massachusetts",21000
"Watertown Town city, Massachusetts",101103
"Webster CDP, Massachusetts",49051
"Wellesley CDP, Massachusetts",197132
"West Brookfield CDP, Massachusetts",51680
"West Chatham CDP, Massachusetts",79464
"West Concord CDP, Massachusetts",114440
"West Dennis CDP, Massachusetts",67469
"West Falmouth CDP, Massachusetts",150246
"West Springfield Town city, Massachusetts",53053
"West Wareham CDP, Massachusetts",52404
"West Yarmouth CDP, Massachusetts",61956
"Westborough CDP, Massachusetts",87557
"Westfield city, Massachusetts",67862
"Weweantic CDP, Massachusetts",75536
"Weymouth Town city, Massachusetts",84942
"White Island Shores CDP, Massachusetts",90475
"Whitinsville CDP, Massachusetts",77340
"Wilbraham CDP, Massachusetts",111100
"Williamstown CDP, Massachusetts",82917
"Wilmington CDP, Massachusetts",125922
"Winchendon CDP, Massachusetts",56773
"Winchester CDP, Massachusetts",169623
"Winthrop Town city, Massachusetts",74069
"Woburn city, Massachusetts",91022
"Woods Hole CDP, Massachusetts",97569
"Worcester city, Massachusetts",48139
"Yarmouth Port CDP, Massachusetts",74737
